month,CHN,USA,DEU,NLD,JPN,FRA,ITA,GBR,KOR,HKG
2000-01,-1.781839031250823,-1.830338797055751,-1.987351094033585,-1.7350868169450691,-2.1398430288382131,-1.955708873290505,-1.8727526971378661,-1.7123399326431561,-1.7421253549793621,-1.6393734953697749
2000-02,-1.831868050450983,-1.722659964680783,-1.937059678266384,-1.681675208502831,-1.963674355122498,-1.7696285234265741,-1.535341685521912,-1.560216654346416,-1.7561602346282379,-1.9600463892104261
2000-03,-1.725170379475518,-1.759229677346225,-1.6900520623865529,-1.5096825808207679,-1.246695334723126,-1.440306672334221,-1.221906367655536,-1.229820257454757,-1.676238953733777,-1.6062850384060541
2000-04,-1.710437565214368,-1.617893427592328,-2.018745528920129,-1.7341011284797749,-1.5100847347538791,-1.9950452397449141,-1.8366978886004699,-1.729312776125334,-1.6591205135964771,-1.5958322636784661
2000-05,-1.732402866443294,-1.5647111801749589,-1.802026607391771,-1.6308787177799831,-1.890981934726087,-1.715972591698788,-1.51365987990013,-1.629249750455654,-1.566381796003107,-1.4969838221820619
2000-06,-1.6807358499163441,-1.496604284109962,-1.8757407537930459,-1.6439664967237719,-1.528671992978782,-1.657795311133734,-1.434129306557824,-1.444769500098801,-1.561188452254036,-1.575737950838892
2000-07,-1.70145387864692,-1.506205865719654,-1.8695739699078771,-1.719413985123371,-1.656836445032291,-1.8551365306953991,-1.5547442619855869,-1.6640601096901111,-1.6570611238253321,-1.490280198117738
2000-08,-1.6641910705190981,-1.410093203698723,-2.0437095998020181,-1.7256990798928189,-1.610794939888317,-2.2743596631165142,-2.3270477753123759,-1.7472000669589891,-1.5515076053444881,-1.3545856182099529
2000-09,-1.6675421631857119,-1.4441622162547241,-2.0451744359659489,-1.6564009112874101,-1.3982498474001961,-1.789420330189512,-1.4685593520376521,-1.65969431016383,-1.59098149866523,-1.302160066815474
2000-10,-1.6868746613384891,-1.2680651973447039,-1.795742138175463,-1.608540028542764,-1.342392221723707,-1.5599883296012951,-1.5922587688049059,-1.444607352906405,-1.521561571365277,-1.27412413879968
2000-11,-1.665256653716509,-1.402217554806336,-1.737670822039961,-1.5486672673817949,-1.489343584397826,-1.5602811928608991,-1.622330113090019,-1.4230230324708739,-1.545687027143144,-1.489258531056266
2000-12,-1.6656381127549851,-1.4698505976002489,-1.900851363997466,-1.611185846426068,-1.363907650202012,-1.644637448243828,-1.4897104510468531,-1.809460940313552,-1.639508973313067,-1.51303150195365
2001-01,-1.7956115522274749,-1.5558843659574051,-1.762133985470185,-1.5631274379239539,-2.03445803922469,-1.6273191423969811,-1.617731115334589,-1.5914901046544101,-1.7137066658410289,-1.6871334623514549
2001-02,-1.728575574638582,-1.661138591448946,-1.852008824313268,-1.6561570453709089,-1.8857919281775331,-1.7709789303746299,-1.588521451193722,-1.6654544269010849,-1.7845209136369951,-1.7769315766441851
2001-03,-1.6642930462636909,-1.442792538186483,-1.7933540238229211,-1.493149858400211,-1.4070349143735279,-1.345867478840074,-1.224355071367268,-1.511282520771414,-1.681111845928362,-1.607703925711027
2001-04,-1.655336705922801,-1.6043280806639379,-1.856583729118805,-1.71513488899388,-1.885851997396873,-1.933243663640928,-1.7724789249643831,-1.7992825028592769,-1.8448133014600681,-1.613029169060356
2001-05,-1.706477533160186,-1.6618095953510641,-1.8979946104585139,-1.6572203073783409,-2.063476011906145,-1.896663005091306,-1.5537532850051581,-1.740072404651404,-1.812860905387748,-1.5572192264472591
2001-06,-1.6713307954772461,-1.656483069530126,-1.9754833846341571,-1.6976002873559899,-2.059117761077351,-1.835539006699294,-1.584299972771416,-1.75622245077441,-1.8314518613422961,-1.683244633219777
2001-07,-1.669072614882932,-1.679176144797123,-1.9463563277296929,-1.7848360881826359,-2.105473125977579,-1.9217367241092389,-1.59079383924703,-1.8652422840644309,-1.811516104301873,-1.479382518922012
2001-08,-1.6470808697141111,-1.6431875076757829,-2.0051059697614582,-1.775300381964398,-2.13123630339234,-2.305535251015451,-2.39976276449547,-2.0728061880634758,-1.836115398435723,-1.5000356231347689
2001-09,-1.6404133877140781,-1.766973892484589,-2.034576418265861,-1.705822219269493,-2.0804100402557522,-1.906155178351296,-1.607612462112773,-1.974208629935962,-1.805262716730319,-1.472117865360737
2001-10,-1.686643780062745,-1.5298466475288179,-1.765361091071455,-1.615655993765984,-1.9226165576921479,-1.5874345262404539,-1.484573820207703,-1.664939237950634,-1.7392320524813389,-1.5145232803037809
2001-11,-1.6553288456178319,-1.7098175033995211,-1.8713181521837521,-1.6896987933283389,-2.118735557555453,-1.8128509442704821,-1.70629365500621,-1.8628930742813401,-1.7710200767824571,-1.655750350227015
2001-12,-1.640462579688881,-1.8140513879058819,-2.1343877591718261,-1.805077194390031,-2.2947490294407298,-2.3204489812052089,-1.6647236199238371,-2.2874251108681691,-1.818864854433117,-1.689130268847767
2002-01,-1.706328274124115,-1.881587584775779,-2.0795179921006972,-1.7347038888092581,-2.5515938581972399,-2.0421225814782709,-1.875864936594964,-1.953665584732549,-1.875277983327347,-1.828016204269906
2002-02,-1.762842947210036,-1.8643490103007421,-2.0740618343835471,-1.7859166068399419,-2.4312001561293402,-2.1089265812774838,-1.796036581867523,-2.0262695129515582,-1.906261436423121,-1.9711548724794681
2002-03,-1.6448072808398599,-1.7140925591882741,-1.980344881928098,-1.653735531022682,-1.8956021691348861,-1.8590781522976181,-1.5793662035169851,-1.8832243682218099,-1.715651397113932,-1.6085607842895739
2002-04,-1.576262384971995,-1.671103345273701,-1.894989021762872,-1.7192745712484681,-2.0522719441085959,-1.855315545000519,-1.7957110830227401,-1.724297201904136,-1.7133135294496009,-1.6175242207750089
2002-05,-1.6445503720642189,-1.6788613955440681,-2.0597966122757891,-1.6805953290118489,-2.0732939394922831,-1.998941771432335,-1.519415916428146,-1.6414445486818701,-1.6645141624168001,-1.5880515376245781
2002-06,-1.618943875654838,-1.6168454163431429,-1.7428356695802401,-1.62680727737135,-1.9957103036141119,-1.779690434425214,-1.483187427570227,-1.823712716647188,-1.7074897145948591,-1.598912480371109
2002-07,-1.550504321754884,-1.5664786182882711,-1.7357248018854849,-1.605082968413672,-1.661374731211374,-1.5648541155365789,-1.1692074309477569,-1.3811068703965319,-1.6193548641071469,-1.365718799726968
2002-08,-1.539832647709179,-1.555036964122255,-1.8692581224311,-1.71217582651856,-1.958924375740519,-2.315618743647804,-2.3243167942785621,-1.992498108103719,-1.6953980192260349,-1.4273145733791299
2002-09,-1.486989292296927,-1.594761086884253,-1.7873928683628271,-1.5170942190276451,-1.8157600438024799,-1.655381873362505,-1.411996547853313,-1.589502203220059,-1.631966213931084,-1.352797147765282
2002-10,-1.5579333684018759,-1.500152995468587,-1.644471337522434,-1.4712280285499839,-1.700098538959089,-1.4094125663620349,-1.1904016349495989,-1.3672152256495691,-1.551102659328687,-1.3266922930125289
2002-11,-1.505005059229964,-1.467588553517851,-1.567564454048245,-1.4880864408672121,-1.602991904736369,-1.592820338006381,-1.4176108388624491,-1.6967127511962341,-1.5486437473484,-1.4339371713758109
2002-12,-1.500992399570992,-1.4904372740198759,-1.7979043348593171,-1.5447491095320369,-1.7087810175091529,-1.717869029315805,-1.228741865099285,-1.926187167032452,-1.518226532512492,-1.480314740786234
2003-01,-1.5187847290932539,-1.683025770276801,-1.604006445469254,-1.4329347776666921,-1.9620394134402761,-1.3833483366284089,-1.402286792382526,-1.4601674419137349,-1.5915799597586211,-1.531479295905098
2003-02,-1.63669015385395,-1.720377167900381,-1.581332717451881,-1.4637419949146679,-1.9442173602943551,-1.4800332326813539,-1.3195523257407831,-1.635559933851938,-1.596866324982398,-1.833656402438463
2003-03,-1.461920471980398,-1.497752600066165,-1.4657837217012959,-1.317889936379669,-1.4835391925879999,-1.033096563511601,-1.0868241962604399,-1.419396888348684,-1.4572525907304481,-1.396586038337805
2003-04,-1.400613251228622,-1.5077000599759169,-1.561675272269565,-1.484682399830872,-1.5740812054495521,-1.418019713350603,-1.323570698944843,-1.3578596941888481,-1.529341105044514,-1.477343869272387
2003-05,-1.4587453078614141,-1.568014317940541,-1.469635546408721,-1.4056051536308021,-1.7012491602586099,-1.44868133162026,-1.094248987891755,-1.3793109575997129,-1.567740777770734,-1.42002927916974
2003-06,-1.4526942264655851,-1.513341335049911,-1.4444654983442711,-1.4167268430906541,-1.732409991128137,-1.2645922202475299,-1.132323724387102,-1.4766770722562761,-1.4920738012102219,-1.4172611017308061
2003-07,-1.370956181768753,-1.4504087783538251,-1.4115725305531139,-1.428093364603964,-1.51585052499371,-1.245155983271597,-0.89443110792939695,-1.165487033786158,-1.450331180500241,-1.241648359880573
2003-08,-1.4034162394507581,-1.558993811874952,-1.7929250616654331,-1.6263688820072411,-1.825519283471335,-2.2433008326412112,-2.288003119942728,-1.848088495336188,-1.577693147855421,-1.309333248691265
2003-09,-1.2884711304732379,-1.498364804657272,-1.441656496542435,-1.3328966176718999,-1.370286169182066,-1.1765275012176959,-1.1130287778479091,-1.341090942693697,-1.4587244761984539,-1.2289814272896971
2003-10,-1.3469263271930729,-1.17704386390067,-1.205958639787206,-1.1514728728717909,-0.99260628915530713,-0.82215311432069249,-0.78071067570456032,-1.061299535563563,-1.2361999740465781,-1.149511835995354
2003-11,-1.328949254476548,-1.3311810695398221,-1.2335419730496771,-1.250984836998861,-1.3224902275149579,-1.1944539185932641,-1.1258065287491099,-1.269334954179582,-1.2909346102369721,-1.2628821087711981
2003-12,-1.2084633245628269,-1.3167371917292781,-1.2858400403163031,-1.194690183870269,-0.9818387926183042,-0.98040198887495755,-0.37767392841026309,-1.3592459339256979,-1.1757593696136079,-1.2127884297314151
2004-01,-1.429211802152728,-1.5068111527447601,-1.225036979269704,-1.225851702566833,-1.3551336052427589,-1.1303682867992471,-1.086378438392785,-1.441403574292317,-1.315587648042974,-1.539798680100757
2004-02,-1.370203998161527,-1.4833709803496311,-1.1697756876614791,-1.213475603191343,-1.3534221919709919,-0.9391390464059407,-0.81143096799671721,-1.221882864605228,-1.24005621921603,-1.434827009555008
2004-03,-1.202442530206066,-1.095503054661306,-0.9626601150570927,-0.93990238915746571,-0.47710720424404113,-0.49424455989287591,-0.32480182157661253,-0.83650709012716218,-1.018606377464663,-1.1656295888578341
2004-04,-1.1630593088582479,-1.206215239727809,-1.1419390340200779,-1.2161294143774519,-0.81923889657838234,-0.88183203232175922,-0.81809623472138426,-1.210549690372777,-1.115550771618036,-1.1643007468657189
2004-05,-1.257167407755641,-1.23653493151115,-1.148221873695596,-1.269172650042214,-1.347999987126608,-1.039222057248556,-0.81233635793241132,-1.2556274631465709,-1.0698630121108781,-1.168700036276336
2004-06,-1.1530956596949491,-1.1212260238368379,-0.99233765530286133,-1.0372807518329881,-0.77154320155891742,-0.49404468764575782,-0.5950399314569359,-0.74270160246213468,-1.059195258414833,-1.098598400940662
2004-07,-1.134116013790216,-1.1320174267987391,-0.94002813760151882,-1.128001994428157,-0.81473081708000905,-0.82685210112075525,-0.4694418948590473,-0.8996111041744862,-1.025243275268124,-0.94780339433398553
2004-08,-1.148286839306476,-1.1311631073975881,-1.310499475546359,-1.240885693234224,-1.167577450769048,-1.6355943480381709,-1.73002655253066,-1.324260280641042,-1.116266281151705,-0.95013689608578045
2004-09,-1.0746060372635171,-1.0879110259749689,-1.010189106722746,-0.98551450045099809,-0.71406306591871693,-0.47991673740875851,-0.56398741018030774,-0.86153393210915319,-1.000997733496946,-0.97399295554366749
2004-10,-1.164641264917472,-0.8904733159511895,-0.81072679784421187,-0.94767161533625388,-0.64769646636144829,-0.45159350683311411,-0.48884009393275452,-0.81973640518289759,-1.0401903146766169,-0.88702310364704939
2004-11,-1.020973337411657,-0.9534508368262834,-0.53989344775322834,-0.80978930228457757,-0.52123187813356664,-0.4073074807238774,-0.38812409106846651,-0.6106915146020141,-0.91033459299895925,-1.0053538651243401
2004-12,-0.96348370241079351,-0.98079597522910056,-0.83367182203330992,-0.80308718782603972,-0.50078584225184242,-0.42600251161252689,-0.43577967596754208,-0.72500879223274428,-0.8580118803655411,-1.0018691061304901
2005-01,-1.198824126734664,-1.1777356205007921,-0.92497287422007457,-0.97759008106128886,-1.0695207188379601,-0.87637423736731701,-0.83016575275227533,-1.064249138759829,-1.003962183281387,-0.99351114849846855
2005-02,-1.3068467015648371,-1.1588575828834671,-0.98821232588793717,-0.99334644877423539,-1.112777039793168,-0.6695433097984328,-0.53160819850074903,-0.96110670075018889,-1.0957581246578629,-1.589130748225285
2005-03,-0.9724611382138667,-0.92626134365849355,-0.73896653119924471,-0.68980661466178217,-0.25800837342655403,-0.1234658487834028,-0.036266997385932122,-0.47026433151087121,-0.85508155176540035,-1.0942476009752891
2005-04,-0.96601862057126764,-0.95749415415399541,-0.7665123454732975,-0.87134626208228194,-0.4996924716148739,-0.51643258233498746,-0.40761180492888599,-0.54397277375145825,-0.93400312229630744,-1.059934183568668
2005-05,-1.100177108510374,-0.9572693332589558,-0.8522036082152491,-0.98304526881118592,-0.93711692968402793,-0.73146922058700148,-0.43247173579257359,-0.83666529380318122,-0.88483550553221502,-0.82990384083034263
2005-06,-0.95048617210664521,-0.80393110649294497,-0.81472405764988576,-0.92387071421465317,-0.56512789805934527,-0.48138343432155611,-0.4674810492001697,-0.61621203202793617,-0.83156679205272199,-0.86991994419462071
2005-07,-0.975146065696475,-0.87134278717481983,-0.98995988489326447,-1.035698941911422,-0.70198414880682813,-1.00050345021064,-0.47168519458283081,-0.8736965114091243,-0.93019752223967556,-0.78923175261945477
2005-08,-0.92348860993781978,-0.78636048884984988,-1.0316719064173401,-0.97684804685847315,-0.64936087607334159,-1.441325476065255,-1.5683393070981171,-0.99500856235278234,-0.92981239670556626,-0.68704271354906099
2005-09,-0.85230919317881126,-0.8504067736721318,-0.77361554242201835,-0.74112094079828605,-0.37458960702538108,-0.36791527069210161,-0.39565718765274438,-0.50334965006969723,-0.90317340086835129,-0.64218265128966323
2005-10,-0.9285755806824999,-0.58191182568383537,-0.77977047801509447,-0.79348148586831535,-0.48386527814166452,-0.6606076766530049,-0.61374603145317153,-0.55179993803179295,-0.80200571925207809,-0.64954202007344486
2005-11,-0.8386756416999368,-0.70966543459433939,-0.67795774466153391,-0.75818644997124796,-0.44068309135540729,-0.45470875186486398,-0.52104026958354699,-0.57669344113588905,-0.7623151843765521,-0.75881974729628665
2005-12,-0.76901283000820353,-0.77240775822539176,-0.83792716342475593,-0.86036217932992931,-0.26739731924481669,-0.79308376348957044,-0.76346431094151779,-0.81970306237656576,-0.73856950770897289,-0.83697218902819548
2006-01,-1.0067762972751291,-0.88041171620241732,-0.78959705449187645,-0.79269777221936566,-0.8561575138991292,-0.62209445882575654,-0.76699841860209006,-0.68762302104026685,-0.90228563455470667,-0.94050660210833048
2006-02,-1.1290319236651141,-0.96188334978176893,-0.77919575642100058,-0.89393083041172083,-0.86414837252129761,-0.67260600665355208,-0.49445455478417638,-0.41402501887889048,-0.8758261999505339,-1.215549006380211
2006-03,-0.72810742121493255,-0.54459847467326228,-0.45371303092234128,-0.48761722300030291,0.16242220312103459,0.05047194868093248,0.00236700204226367,0.38968922327206812,-0.66739141222508358,-0.78229280700826542
2006-04,-0.75924026727057303,-0.6830985223666598,-0.67491088715861869,-0.78791027988111595,-0.35829303840328558,-0.58917388482623712,-0.72117484953634514,-0.19575377691725321,-0.79503427618508293,-0.82599681780464618
2006-05,-0.88962601704474975,-0.57947684245140607,-0.48520566410839749,-0.5703376620463233,-0.35163560064450922,-0.1313421831878368,0.1094213992453843,0.44058280755509249,-0.63867522096578666,-0.80683724039133098
2006-06,-0.74822877818622513,-0.46424402800310771,-0.45842745681837938,-0.55231895762511396,-0.21487142253117031,0.01358597064690713,-0.016579987293203299,0.27135772969941913,-0.63776289618671345,-0.70164305259513626
2006-07,-0.76407577766292456,-0.50194822149274909,-0.45944695718850642,-0.74886344571661367,-0.28476909641734011,-0.48421845445355621,-0.13361399932502011,-0.27293256170449798,-0.75103334231102736,-0.5548091365178035
2006-08,-0.61925899381305882,-0.38793289866066499,-0.66378458354132863,-0.65384562901827914,-0.22966250947375269,-0.95750359713833455,-1.187813387102058,-0.58392482388583622,-0.63277337824361835,-0.45764841903545822
2006-09,-0.54949710410505481,-0.45287154949710418,-0.31785723590686549,-0.49522253058508831,0.091801744235530919,-0.1612030232943393,-0.065565866679672666,-0.18229337158384859,-0.51024058428749264,-0.50433616522600178
2006-10,-0.6769352915710054,-0.22109158306027529,-0.1358221841692244,-0.38203977539407907,0.043129765372183652,0.031643808161201992,0.071381332836089301,-0.16594847081868691,-0.66027013687714764,-0.4384059049976885
2006-11,-0.52475100743556924,-0.34749626660054173,0.038421506736114178,-0.2473302154410566,0.077784595628147907,0.18347221662027449,0.096003396128601121,-0.0021791260987538432,-0.51244709344037698,-0.41357449423826032
2006-12,-0.55609484975703338,-0.49021602955468252,-0.26863263139442112,-0.43252792260086559,0.24111804287078001,-0.35294978558289919,-0.25061986183444229,-0.42216356606070732,-0.55443929490162824,-0.51322424651668863
2007-01,-0.67496382991554704,-0.52512206759683122,-0.26811389867644742,-0.41615616594842292,-0.42193485851782481,-0.1537870699171382,-0.1270878299819457,-0.32904647327570391,-0.57161861268584624,-0.69854415580155882
2007-02,-0.83439592254036532,-0.6669045003578068,-0.1252636238131109,-0.48671597896497032,-0.3618561606440418,-0.0077157759803411202,0.067085416190636682,-0.35314220632872267,-0.72903427744922966,-1.119344231279332
2007-03,-0.59962907074313687,-0.30586981318820899,0.061174857683381573,-0.064349060992866483,0.39474683090538099,0.48922598435351822,0.54462198239670945,0.43045830685054209,-0.40410101643365343,-0.60059735460388519
2007-04,-0.48837774984752808,-0.41603551054061538,-0.02129525332055441,-0.38592911796591201,-0.1022522861182926,0.067393749992707613,-0.048783870202638573,-0.1896100398307016,-0.41188742272693291,-0.56263030200697439
2007-05,-0.64798837376996665,-0.36331328126232798,-0.12897159072358241,-0.26582387503554777,-0.096834268635708265,0.1491718517442725,0.50258260418528777,0.052608154988545618,-0.36055651435058872,-0.5849139670837048
2007-06,-0.53266546695562178,-0.2341761591515798,0.024360854484198918,-0.2089664017848947,0.02783601058754093,0.51756859007258138,0.45063578276402733,0.19344186681463091,-0.37922415219804623,-0.44225608313569009
2007-07,-0.44236121678967361,-0.21059417665342611,0.098746664109666163,-0.25405168248887627,0.045212625536198328,0.51566801510180982,0.7483009874280806,0.23560008826120971,-0.43189381207799221,-0.36978076141934513
2007-08,-0.38188612991290688,-0.21054575369141729,-0.13119283560794101,-0.31650795759158618,0.19967583163429811,-0.59220328237627262,-0.80162756264719037,-0.16341760591242169,-0.39534823031358962,-0.28950601823320832
2007-09,-0.32471294372795062,-0.27164169661417992,0.1206743318409314,-0.086970680848700146,0.19604449266958379,0.47042921923195741,0.36347168573953398,0.22426510621574919,-0.57639297631477049,-0.30110083793123699
2007-10,-0.41100196618827067,0.1120376428604072,0.59599148799199053,0.24190159353326049,0.65646777634767728,1.0837963027996,0.94705037009474402,0.7919878330948581,-0.1756560638270695,-0.18381958138979401
2007-11,-0.2366677417396453,-0.11636309258482661,0.60192179136548185,0.40458550444815577,0.68377307620681349,0.91050878903423804,0.86812874768032811,0.89769055484165783,-0.1060844294274582,-0.2249480354447439
2007-12,-0.30528990457886868,-0.30786207219656009,0.0034942080142336689,-0.112844667788617,0.54039426914815347,0.10130732536262881,-0.035136389901663997,-0.083379525005953248,-0.24067370211038749,-0.32635586957095841
2008-01,-0.40238030479270981,-0.34650359587936691,0.4846233546796424,0.32948089016185711,0.26224014601450929,0.95049560951762446,0.72044992044443723,0.27385886532775489,-0.21172041064594421,-0.36312558755926738
2008-02,-0.7011102407827724,-0.27710657375514253,0.47082764273629102,0.29962656623682288,0.27396925240423869,1.0112680960031051,0.86563670736272136,0.51365969123184374,-0.4171571223134844,-0.98182315605536019
2008-03,-0.34512119315476347,-0.23084535112199339,0.60769986527977871,0.48636260114915608,1.2949068271355699,1.25427246650647,0.93214552887824087,0.59471784235864178,-0.095963456375344369,-0.48304099261875322
2008-04,-0.21227672957540819,-0.078942519301234984,0.93197236912005144,0.53239694852658137,0.72229157058725246,1.6022287638123729,1.171325965784773,0.77351619041466291,-0.0067989527917436104,-0.27664910114220131
2008-05,-0.27722951812762209,-0.036160832366698488,0.42456905698588909,0.3695015409468777,0.59624640275251728,0.82695746139487725,0.85191683573864785,0.52305316490639309,0.048745922362082729,-0.28548552452286519
2008-06,-0.25165543463144391,0.055406988791431383,0.81331380427346589,0.48157474250049409,0.6499310347555034,1.4635953818048659,0.92719215764259688,0.92076384615488227,-0.07513698915385239,-0.47197325519995498
2008-07,-0.027245202669512969,0.17679989576381519,0.92589355619278835,0.59642119766004553,0.93954379331252802,1.538715684207367,1.547876641498698,1.082359465141691,0.2346466588623935,-0.00032210080564958038
2008-08,-0.1059874127216453,0.068629916202760752,0.057000072206971189,0.1304421670271769,0.38234053214099212,-0.49994395056739288,-0.87143731472618169,-0.1226730776786463,-0.019179288581832901,-0.20838075559419239
2008-09,-0.045457355765098233,-0.090363420769246722,0.48511436152636728,0.49944657320342878,0.76695053580457162,0.97853459399302267,0.71331202326323462,0.35142813054885957,-0.017281087779275141,-0.21074327123659389
2008-10,-0.18689889342844601,0.1217084001301105,0.32078644956470759,0.25414804064476121,0.92646320110898106,0.58728657819812791,0.46046686272308468,0.05929135540022417,-0.14270323756113379,0.1285745569025861
2008-11,-0.44184127410008373,-0.42796139432671632,-0.30084775552350268,-0.20325955926242739,-0.16895608432414549,-0.26283777842313372,-0.35886368259367768,-0.81303688963141685,-0.69762677569428411,-0.42311067004581843
2008-12,-0.46880897405069533,-0.6543456592825948,-0.44167208284825887,-0.35133805260178841,-0.24180003980468451,-0.40796946649469068,-0.63003007539126277,-1.22538104162098,-0.8320987815093055,-0.65963728049249493
2009-01,-0.84478842562218615,-0.94613896956299559,-0.65225349252960407,-0.57069885864726955,-1.231175522898343,-0.74495697359147828,-0.75994727654870642,-1.2906894595741849,-1.1028489190607,-0.99704057357003917
2009-02,-1.0009623784583519,-1.15944557599357,-0.75075339557859466,-0.66032125817554266,-1.810051198142298,-0.72354363393368648,-0.78423587833153707,-1.2140613390454691,-1.0188350642594419,-1.367009923493697
2009-03,-0.68858386444614217,-0.93502589978203787,-0.49918695611047481,-0.45946812473446752,-1.1044805714519279,-0.36759959027383821,-0.52337018753737086,-1.0501553626335469,-0.86859656767878957,-1.0227090767157241
2009-04,-0.639378719727691,-1.0183894876627231,-0.70582073660079769,-0.72687188553528015,-1.1383994911200861,-0.74467978933527512,-0.82820177079866342,-1.2176838761529041,-0.73501971289027779,-0.7425934020001782
2009-05,-0.72957707267239547,-1.0424453234319599,-0.83729194871542467,-0.68474580718806666,-1.277651757219646,-0.70972766122918995,-0.77290914528006061,-1.309830418110715,-0.87869198049336339,-0.72479286324751713
2009-06,-0.55420336193292241,-0.85591661499210248,-0.48022044799626129,-0.42191808452363377,-0.83005657537413102,-0.1871688809154046,-0.3735337249752424,-0.77177313542133974,-0.62421151417526255,-0.5929697769091562
2009-07,-0.43417166394738649,-0.77009383239798435,-0.331105974845883,-0.4229438671320071,-0.58048058085599441,-0.22385719003053939,-0.082800520895036131,-0.57202925056321463,-0.55953980926837732,-0.56175302886392742
2009-08,-0.49346456442720898,-0.80762508673759525,-0.77401085240373457,-0.59437465854688065,-0.82306693380802443,-1.2750073822895069,-1.613272621001113,-1.1448867735918311,-0.68338785232817978,-0.55207039271520619
2009-09,-0.24046055578282841,-0.62608740216761694,-0.12570624454863991,-0.1626762968862116,-0.1607743157459206,0.087248066707888719,-0.13837628841771071,-0.43799930785640911,-0.40937020960153481,-0.35418077280450838
2009-10,-0.39512029808170979,-0.40351817486141012,0.043130403138471253,0.0032776702599801632,0.079097032534602124,0.34114541275537091,0.02915827297532585,-0.1718093469385979,-0.3903947816991008,-0.27942906688830071
2009-11,-0.32664970205021432,-0.49682922265184742,-0.079801111864128207,0.074785091975672083,-0.080677584444479825,0.082503402797201739,-0.083627464952918604,-0.24271852967437771,-0.42854041571439039,-0.33257345905566438
2009-12,-0.046434219891196081,-0.4672497104306369,-0.31597086575360012,-0.1695872252767871,0.1184025387676971,-0.17988065838805781,-0.45407742869763967,-0.51368732146020457,-0.24390460483427381,-0.39565251887884001
2010-01,-0.43654611073716509,-0.77486695293882513,-0.40768885616245482,-0.24159486214858181,-0.39393898223396367,-0.39041679098848858,-0.60204609891695027,-0.80944189752219331,-0.51972978813497817,-0.47954988976026391
2010-02,-0.62856613024685337,-0.75283796400794434,-0.34733489568523102,-0.36382650218548113,-0.40085303060123639,-0.29712512833711219,-0.25423398324194529,-0.70132955699600474,-0.43608724547792899,-0.96521948477585551
2010-03,-0.1340109920368808,-0.39210419095939952,0.38547646742452318,0.1073110505298295,0.39877585241265889,0.44634090261061637,0.29284682257924738,-0.2884780360754628,0.02891888968485631,-0.32517415062471511
2010-04,-0.14015900064049941,-0.54779093138282475,-0.20781375909276439,-0.16589028341999429,0.2683993896836166,0.041166653154069602,-0.17984085066166711,-0.47484030688075729,0.052231841963188357,-0.20449920569609911
2010-05,-0.094330328715229395,-0.41774760812591699,-0.30628943553165811,-0.30260036261222051,-0.01499605276643425,-0.55280723644112084,-0.30240351156487649,-0.65671307418000935,-0.02583644814833894,-0.12077225637815971
2010-06,0.011154491269310229,-0.1066888765321225,-0.01028399223058583,-0.11612818332992871,0.48472430769925001,0.17634458535297659,0.034437037655592008,-0.15810572688864249,0.18176235300491961,0.061911746981545973
2010-07,0.094834334444354448,-0.088606359004937102,0.029613049553305949,-0.1366410740850636,0.72699800723846641,0.070173345099597079,0.17348774367215,-0.29973262426241598,0.10852361376431011,0.0043757555406539724
2010-08,0.069366956392698353,-0.0099501747880817761,-0.3246264759348898,-0.28565596038224478,0.40662945789443727,-0.87880405464517097,-1.090475432436697,-0.7261658385955404,-0.039546167544966711,0.2494870173484888
2010-09,0.19422560984369969,-0.068576546648409065,0.1984727401768534,0.029630824612583109,0.86881416195507644,0.26440125829273892,0.37824273464164082,-0.1217491334300301,-0.029069420734056099,0.1881108022681709
2010-10,-0.034817633616166577,0.1627226489513354,0.50181134190305654,0.24518775042549859,0.96950236282467706,0.50085575332053656,0.53829920920748653,0.1456834657096886,0.2140869893728983,0.090805370119940429
2010-11,0.29695907431838481,0.12386668072249089,0.56245734146814652,0.37970831931130672,0.98624264457859756,0.68039122925554407,0.48297141097651197,0.15945983988317489,0.22043807362615961,0.1070422332743086
2010-12,0.36904655882991899,0.03797472246836061,0.1077811938046012,0.12524040740305961,1.3003491894278469,0.23383251783357289,0.039563328705640152,-0.26350419508606199,0.32080522764078823,-0.079841388306987643
2011-01,0.26127465587499371,-0.29746982389562271,0.1641519125822582,-0.02622466545560655,0.51426053137386907,0.27766758650740042,-0.0243631955637785,-0.048611687299877242,0.32270107730338138,0.1388208743495597
2011-02,-0.48256521690836279,-0.4071089133734585,0.44184833935193019,0.069685250070453952,0.57720813217536759,0.51579393282249431,0.29422346497846452,-0.095409193010307244,-0.1243295641332316,-0.48642985771541919
2011-03,0.4243284874126767,0.066042161084694351,1.0633962427913179,0.63269801248909741,1.3300849955336631,1.6178459164464321,1.1462576887438709,0.45469111617954822,0.61181418953357714,0.15885304355339011
2011-04,0.33055742973385488,-0.1321586527269506,0.61569494326066865,0.35144693540255778,0.75973379303243183,0.91726421034818906,0.75196111127528864,0.058011445870116057,0.54275378112999861,-0.13090032082474559
2011-05,0.27813630649711862,-0.015194153951096341,0.99728157458648403,0.43722210712532639,0.54573468765634747,1.1940427196107031,0.95560051678756242,0.30166268716143041,0.57236605857523404,0.1416074363394261
2011-06,0.34455619234147189,0.087454099773246682,0.88443201335874411,0.37051063874361811,1.304407226136304,1.0033962617469041,0.72843758955517113,0.24161492226338699,0.53211501796640748,0.33011312643220198
2011-07,0.45254895588057198,0.056356875542874933,0.67164331127273846,0.31281238429747948,1.3894122333726839,0.73373660005680585,0.91437259771440005,0.31182385484023301,0.51439145908219708,0.2333160638673904
2011-08,0.52411411880637804,0.2381654512365288,0.54004124245415697,0.35947743249773251,1.489029530071432,0.21865025121901821,-0.40548188839788402,0.084572331399738604,0.56701723499962142,0.50564434410265369
2011-09,0.50941721158088626,0.22001202651338561,0.88363266639114213,0.37207488792781818,1.699535732203316,0.93348664709613671,0.70316668922072711,0.50378405312768448,0.4559912496998727,0.08802237143208777
2011-10,0.26894228025091071,0.38979041383890828,0.67079198034055632,0.39111159583117089,1.5810944987935731,0.79532915626488954,0.40179204256102702,0.5411669875717493,0.40224308845695261,0.38404993710613611
2011-11,0.56075096965669291,0.32722873182551399,0.78883975117637573,0.41942913964865541,1.4622042154461841,1.0025930712429001,0.44457974655035681,0.60269794298269153,0.5188443105912709,0.21203178257247129
2011-12,0.5698947667495784,0.18468128540587561,0.25903546205337341,0.17539634674222171,1.555160922953561,0.286867533453465,-0.047243610360069688,0.038547653330503528,0.46332818172339929,0.17233977382744781
2012-01,0.027470985338947689,0.044501973143627367,0.31132874456613979,0.1551233413184322,0.80453501626690005,0.42043504942537058,-0.1832950510884577,0.092461185767189383,0.15663179403948249,-0.19328018637940089
2012-02,-0.03548638178661364,-0.062937324984706999,0.55265203304958965,0.31617973237000191,0.85767089000423458,0.81450708989697951,0.26666555635307898,0.26162558513822642,0.42428642139227168,-0.01221384255391969
2012-03,0.49301794829170947,0.37755512814744657,0.79136530292644036,0.4575089227939953,1.5745766493235911,1.170535614604024,0.55654388588945392,0.65553767313239841,0.55282450004073447,0.01098702155844913
2012-04,0.33760277604494732,0.20053906815489719,0.30306808959150949,0.17378785712222261,1.1191712716146089,0.44239413390127341,-0.043265641144334198,0.0073340477603468244,0.35107141839677092,0.045862408165390778
2012-05,0.56636346946002403,0.287629816869787,0.47760173471438411,0.31787463244800318,1.1401560356534319,0.52129031964422234,0.42209689091869967,0.3317340088318198,0.43110566215370422,0.33607911935493201
2012-06,0.47235734240309812,0.28317165684446749,0.36719355899709111,0.2496295392493659,1.139267116939777,0.76664083860783272,0.086116087910922276,0.02062305762680661,0.3104693058664677,0.19127825672202589
2012-07,0.48923615902898759,0.32713341011798969,0.37914048082341639,0.089187869802485012,1.211009897095366,0.46151536661425191,0.23123294710963899,0.3124314014520812,0.33847140748234511,0.20517636884678889
2012-08,0.56056099144726701,0.33347174254999251,0.098101977830766074,-0.014745171444838241,0.98544268020259218,-0.26099381246072811,-0.9878482537668335,-0.011532829763921171,0.23978966747260691,0.64853162137536879
2012-09,0.63139734826716576,0.26344297516339571,0.36361667449309248,0.14191220904011251,1.2461804343439771,0.53784500878152997,-0.070840864222429883,0.3533267702912915,0.42469996391110548,0.65890174474146912
2012-10,0.44287784648090811,0.50310533300960569,0.72366632779577511,0.55497372824019486,1.240259712001573,1.1333978945150061,0.32842529930031239,0.62156685188157712,0.47172617844748271,0.47762565010798108
2012-11,0.6017470181425485,0.46992391075313322,0.45189459301462043,0.50116145572762183,1.1134138498498549,0.63223459281863614,-0.01430089803794877,0.57566496157591163,0.45590634737419788,0.62811497230613211
2012-12,0.80964607111644493,0.28905419126770421,-0.13965371998188189,0.1036203889836686,0.78955326334464226,-0.1096726071239426,-0.52759112449000456,-0.013004085950942009,0.35194416698093578,0.68007121387605607
2013-01,0.59550098700718646,0.1460613491983499,0.50111418026821508,0.34908214078916128,0.32727053682616097,0.58184664712992296,0.0059129987741232586,0.1920568667683013,0.41109648429104217,0.45269914957392088
2013-02,-0.061198340862101103,-0.01091495516288947,0.34064942924566438,0.19209388668577529,-0.0075756481303143964,0.46318639523713878,-0.068561957163650863,-0.02459087012834605,0.071850244164253105,-0.59989776387994498
2013-03,0.81393016565491394,0.1035486264994793,0.51996208258095322,0.26735550339246178,0.77939593412722319,0.69690628799738974,0.1467281171616206,0.23149647969202969,0.45564585697055371,0.35778455969224732
2013-04,0.68328896419394758,0.14362260751396089,0.44243278159070698,0.13376453693791321,0.50138904131943396,0.71889236777636967,-0.11971811544361829,-0.01046371951070519,0.47104932802250132,0.3688265429971086
2013-05,0.51349041385942107,0.30116952837079869,0.27534232024864702,0.24573503385690371,0.38241922233453912,0.30383412038379809,0.15773372975997291,0.30725531540545498,0.50291537414205389,0.33075893179467503
2013-06,0.38408579588844538,0.29712232620719597,0.47777487863409762,0.25784233238176052,0.54300637666260221,0.62934404521055787,0.062288045316864479,0.18208144842613291,0.2711080079688109,0.2045469578405999
2013-07,0.59703557629606496,0.42182091325443088,0.5643934661631409,0.2328923502728259,0.69128447324017095,0.91256122817117602,0.58159899981932761,0.39189078347428757,0.49764117019564502,0.4963346870290411
2013-08,0.69514153794111289,0.42104552815823798,0.18036242680561071,0.02359448566429373,0.6286002508591978,-0.31607658535587962,-0.95694265953438229,-0.082180726939515669,0.37019125647015361,0.57899203013888267
2013-09,0.6537078989726034,0.43403229076556937,0.6130644527902589,0.32182769711543291,0.88382823791350651,0.67900264498717511,0.26121565620409798,0.42067537284547329,0.32771847859206621,0.69593842517563942
2013-10,0.55276376589453258,0.7879132177302951,1.0038645389594569,0.62494655263556498,1.1059651320245361,1.395533496608548,0.60512950499567519,0.78562373513941031,0.62901706828966852,0.70647318769312173
2013-11,0.85460703115334913,0.61917570151526991,0.69233918060344035,0.56646898080596786,0.9436882976362343,0.72763939543530742,0.17830320519791079,0.71355507910017046,0.49674650980141211,0.79948438580007075
2013-12,0.96391065761324957,0.43684826914892522,0.25843047783300183,0.31653757632075802,0.70753615863418684,0.53072663425432443,-0.080193685779334417,0.37861300136862158,0.50256776947335735,0.65268586972418086
2014-01,0.76970321855997414,0.33459299736846448,0.68195620285310321,0.42100462949938461,0.50328109008362487,0.77792768415826996,0.1714800055154046,0.52335846726331958,0.348384092268961,0.33093283459505668
2014-02,-0.1589984859249487,-0.054086802262371662,0.74029771390122856,0.28335958078871581,0.1101894959582476,0.74084148394172089,0.20563506932309619,0.35874913843014011,0.18675434196129931,-0.57614949371560431
2014-03,0.51148731327919916,0.43027113241185277,0.94261645289607487,0.54527096993937985,0.98093442669234743,1.000599533929049,0.47275131906010748,0.79786457778335773,0.57415948618674606,0.38105081103517552
2014-04,0.66474026308356182,0.44842450746687229,0.78910231384669827,0.43756225550237038,0.54244800135357085,0.78457522997834772,0.2360344321512258,0.53695425885735171,0.70344307412402973,0.32421866920878428
2014-05,0.63506945532020254,0.48425741426712249,0.63854033552936851,0.32674078923981942,0.27836826338334919,0.62253116608407855,0.52835316405155419,0.69246269820138961,0.43133330889067778,0.46073851204751709
2014-06,0.53504873332730829,0.5385865286181426,0.78514916968265569,0.35063129028460011,0.48540313254761519,0.87299491905649584,0.40878419714209219,0.68258299734799577,0.45862290385486892,0.48279060427720832
2014-07,0.86807123383656659,0.55764331776656761,0.99913614628108938,0.35449267170219562,0.61236844040414218,1.1153247735718821,0.90522420794861225,1.1591759515058691,0.60389010176164137,0.70272770366456805
2014-08,0.75049603731871861,0.56333096180428499,0.17361978871482811,-0.052379442809969007,0.2329859230600671,-0.56730073194302799,-0.99426170459479946,0.25721650861092837,0.30352398950299392,0.65280039072672791
2014-09,1.053500570655461,0.63120396856403282,0.87185087700443842,0.40026775995755548,0.78049885458862278,0.78833469439173698,0.4084604662820443,1.0550367478899989,0.52631008393406831,0.80548075801511965
2014-10,0.79500734173863397,0.91778551644650264,0.79130001450479182,0.45635060584728682,0.95128020280433789,0.89886268630516264,0.4741765943397741,1.1249721735387139,0.73083327135165788,0.78893457311823079
2014-11,0.85196988884182334,0.6389717566920593,0.45103762174335538,0.22685592705932811,0.25944135794131518,0.29221686308315231,-0.070099058674281789,0.73865925926747888,0.52972058883234674,0.75844584482911581
2014-12,1.162035569368405,0.628369238630754,0.13251528459049439,0.073751118164378543,0.43752586721896702,0.081954398098904896,-0.16757314482528171,0.49662802819360519,0.69449396936606134,0.66843352214776963
2015-01,0.55730251763903316,0.2970902141740619,0.060385137782871932,-0.064569663285259218,0.074019762293040428,-0.19858336793460429,-0.44604616944189229,0.18476270427539679,0.3698035564997485,0.52834686409916742
2015-02,0.046801616209475247,-0.044612217929512213,0.15783155287178771,-0.1600394941790263,-0.33253276304828677,-0.057361079370979257,-0.2175768752279498,0.29530209299599519,-0.035448098718966793,-0.3886300798140464
2015-03,0.1922895667918367,0.72902652675864865,0.46279350212920101,0.080273496554329429,0.085449966278675044,0.10918706952922,-0.029493105723654808,0.65243589789711642,0.52297389481379164,0.45333790207538632
2015-04,0.44998214355231858,0.51848427813912479,0.06306989819715926,-0.15337060399677949,0.08135619256885554,-0.1616410907747706,-0.32232877699452439,0.4445594457162052,0.4702416317012717,0.53631012533675959
2015-05,0.43638368836983249,0.48693105273107351,-0.0074414977186089267,-0.13387658177852901,-0.45774056124495788,-0.25790628399951998,-0.26969296196070108,0.47859252031899441,0.28521542189373822,0.64040266338665996
2015-06,0.55147979939303682,0.59485597755112263,0.38405157415277891,0.081855839274660253,-0.083124481889765206,0.41196553139932141,0.026897226847383739,0.8810271689815079,0.46400316898503707,0.71182157681492075
2015-07,0.59315858020859336,0.54778812127382281,0.36640865611857548,-0.054893921263226307,0.042638462928889009,0.066115870214078581,0.2342116098385178,0.57597405156329373,0.41521308951573482,0.91748502994547509
2015-08,0.53991333002339859,0.60042119371023017,-0.27466101158225847,-0.33463433691333988,-0.46136233230239709,-1.0957314610336231,-1.352532695303021,-0.0069796157258231392,0.16010406453246151,0.67138809252436993
2015-09,0.72874711291655925,0.65568441466865945,0.47494784256437378,-0.010157881530693949,0.1343289990066934,0.21041435670993411,0.021189179668955161,0.67474069800195091,0.32280300923856392,0.99353593807220131
2015-10,0.53756126500955037,0.80203407817078476,0.49123533687019871,0.13855237967048081,0.2159208575239987,0.27279623881261728,0.03572973934499464,0.88782175043627409,0.47673934581051941,0.83899933044618247
2015-11,0.68651406460482489,0.53712070938750878,0.14502980447139169,0.0049968356549990739,-0.27599147683014041,-0.1190979770826333,-0.24897811966807371,0.52662013906040195,0.44868424366330217,1.005652403062145
2015-12,1.112058077798834,0.42166854915930913,-0.20968478871328419,-0.077362823851806262,-0.14227824277036449,-0.33950455974338761,-0.48137195022500318,0.01319810331273674,0.31184479754665639,0.98863443193913692
2016-01,0.2382448917416588,0.0094625519081804627,-0.20153277958798541,-0.31821671974687982,-0.48216137445722729,-0.53851245123214242,-0.68918936299320721,-0.2880271179410987,-0.063732494035539461,0.2709554671540908
2016-02,-0.33522555504595808,0.15493944651475169,0.16769290183908489,-0.17207393951495151,-0.46325734135121482,-0.036028733632989002,-0.17298700234884909,0.25271145625699698,-0.23379636004188811,-0.75881348676819527
2016-03,0.31454107205689508,0.26637169084926482,0.35679984821115629,-0.018403056227231259,0.20632447346228841,0.18991399441406731,0.10084750835618871,0.50249808060674828,0.3342599139311932,0.1098755247594331
2016-04,0.32429921555958308,0.16573799677502099,0.26156932411261741,-0.1170825518645995,-0.15564504899672299,0.052022893069583832,-0.055307098580736673,0.56752203943141311,0.13543638064115379,0.18197342831360699
2016-05,0.34654217815740113,0.28512253607980931,0.037263473072849378,-0.1775900505903372,-0.50743432057684135,-0.01089863875642472,-0.036869372434557728,0.15865085929382719,0.177692238637051,0.24682074449856539
2016-06,0.39942046247451291,0.46030563809431579,0.3595174544466993,0.05784831481614542,0.19439804954123249,0.30633557017694701,0.02244919640140328,0.554885202496328,0.28423650073583678,0.45433111565852602
2016-07,0.42308112564000072,0.38928404451424831,0.071759314917999611,-0.238404807474626,0.098970771589665135,-0.34124546024271052,0.0072132847117981,-0.029973137828236351,0.12684736640931579,0.44221174885763648
2016-08,0.52153014399674802,0.6265570588419449,-0.04428880904548127,-0.1703976152007079,-0.060076881454320483,-0.84750257621932501,-0.96229297233646649,0.00079582147668824481,0.2066490192634288,0.51060386287533877
2016-09,0.53103720888377226,0.52794997443730796,0.33378716084013738,0.095253118624353997,0.48060173455160982,0.076076999288960945,0.09991531350140978,0.654149170179262,0.20424917974851939,0.78673763003121744
2016-10,0.3727558267326907,0.77633418187948167,0.2152114066226789,0.047277770032177202,0.30476334587360249,-0.13202699549810809,-0.1343915930690511,0.02712845844225608,0.32506646898841518,0.55179196174104128
2016-11,0.67024862359769521,0.62477924686995556,0.29197926868278862,0.2325038841169853,0.30835805126872218,0.072721193060029499,-0.024038282819569219,0.68878609948093283,0.47069191373277869,0.89212628522119597
2016-12,0.92776266007239405,0.60022604778982291,-0.1223112335848605,-0.044910375430881028,0.36109226111356912,-0.18207760345604479,-0.39816438522569653,0.38965109889692839,0.56294051904206366,0.95832165790492796
2017-01,0.32331331121518808,0.41294821952553451,0.059876978416836063,0.019063006585903611,-0.1576353887158515,-0.31206063989781091,-0.41100447325414802,0.1789102465472644,0.26080693561842838,0.30343697462284308
2017-02,-0.12986675894125979,0.09854939839632243,0.068947451499510939,-0.058748668011864028,-0.16321355070443719,-0.31927357413889912,-0.2190132429006075,0.27009317504300329,0.24933583349866659,-0.047989419912239352
2017-03,0.54393053826560389,0.55209209864509479,0.6299341624411342,0.33915297640717929,0.80030317000823914,0.46503591157560209,0.44365272587513982,0.98269427535880072,0.75926756652083893,0.9424844218136551
2017-04,0.35439868311101819,0.4673756170978477,0.036972553384010211,-0.19706323942192799,0.28367284728069192,-0.41825621099128191,-0.45336287827306271,0.069929285156161328,0.13577574370561329,0.61348237820191376
2017-05,0.50376486572271106,0.61108226274192678,0.48322714773580883,0.2906980267638225,0.029280926100868371,0.18687870182267999,0.51324510676299329,0.5648820295397512,0.51258929871779413,0.4953884628332908
2017-06,0.65557209399593874,0.66551781813064959,0.40908495724907501,0.25386425253905842,0.55361051638525716,0.37733973840137408,0.35478931660482038,0.54064481853107005,0.64658008072628492,0.98414625837926129
2017-07,0.57828666190484224,0.63186822496850981,0.52446646468098501,0.23590930805170801,0.3340008574400245,0.23119042784158081,0.48110140033317428,0.29679373524171188,0.44956455466791762,0.8249458874347203
2017-08,0.72879368511938836,0.77133606165910806,0.44869491109788151,0.31667543654461311,0.33800917617385318,-0.26585100263330769,-0.57297853700828205,0.07220292040662582,0.61562355206331243,0.80563048795764858
2017-09,0.82485215083471763,0.83960260401013209,0.78936235694259393,0.50433734099351368,0.70987215238823742,0.62213181263211814,0.55820106010841697,0.70456678462125266,0.93237939366418732,1.155055301309267
2017-10,0.57954772682653133,1.1323856700877459,0.76696464849774471,0.597310757660516,0.58563812679233274,0.67683470071050589,0.59045673823700384,0.69470219123337074,0.44987216804806313,0.86327243343868931
2017-11,1.00752544066955,1.0511782394525579,1.0023067621524659,0.93527075498133294,0.95085428688323992,0.82872126232062138,0.6946612016998911,0.78975821960917081,0.96099245425510516,1.2379190052443161
2017-12,1.2043560368339969,1.0569391369170931,0.50533326862864758,0.53823625439559719,1.1079496145117009,0.16413626111830951,0.2253040701234118,0.35698872611277932,0.88839658175909542,1.177067621836317
2018-01,0.77739645822959524,0.73581759292520654,0.95519783435738559,0.79759861347450822,0.52598001040069065,0.71969711876039588,0.47903374179582908,0.71662307666039116,0.88593235514907998,0.99171097621783633
2018-02,0.19153706863359921,0.57573706917882395,0.81478176477771025,0.49589811913705539,0.51458509257609109,0.47507181541707622,0.50616506503190295,0.70256877113653615,0.4769543910215277,-0.2224343144792868
2018-03,0.62349885352970269,1.041295483065573,1.3035865937606119,0.84156095090153238,1.112701017231247,1.3128829907134729,1.145434824351111,1.317460888581323,1.0750290128304989,1.015146419650109
2018-04,0.72368011097299756,0.77542445965763984,0.94960911164380168,0.50235866380092353,0.72551586852228911,0.62953134455260662,0.47566612787886081,0.84459101651519652,0.91653398501783634,0.78645238232165593
2018-05,0.87313372950025814,1.00763695271945,0.75107246469690259,0.6472969280698333,0.60110546674843746,0.45754652868047752,0.72656652134866351,1.0146032439759241,1.0715002373742291,1.0777658128777881
2018-06,0.87843822733103616,1.0015131124609269,0.89909573218812766,0.60628289582038164,0.77915988058800456,0.78282505387193302,0.81780581762280846,0.7321255893350076,1.007036865952746,1.0573250379936601
2018-07,0.98532270114358789,1.003620987897349,0.94160155997948924,0.54431327482087721,0.76937663523378441,0.72372653430732015,0.89919139260338476,0.7470526062940116,0.97426187747347348,1.1190679689047549
2018-08,0.98035235164417533,1.0494302936221369,0.48494799291195739,0.5400142642339455,0.70297230236705266,-0.25699008449140731,-0.54415180789894924,0.4450752259733109,0.95078006839135099,1.315007648840026
2018-09,1.180715483382512,1.0743510132301459,0.73683381892990707,0.65081819258220908,0.68535896471927704,0.42380047476726301,0.44755118185558102,0.70901447415760643,0.85704834397176499,1.2100878138001461
2018-10,0.93462023738825162,1.467083733015466,1.0731150284807249,0.93388886868194876,1.365792505956767,1.2010231085996439,0.95620801003234956,1.2805814806789879,1.292923151594531,1.3881275803688049
2018-11,1.0474725826794651,1.094327860585417,0.87983345117044409,0.9315749368007985,1.091773597393457,0.76140444335747492,0.67942276908776389,1.0821576176028149,1.009166983638111,1.16420586059177
2018-12,0.84010316151373154,1.057007636004563,0.1888044974181898,0.34877040101881718,1.0212522867411711,0.098726802499926797,0.1616844289380697,0.43815914833386971,0.83815439082951515,0.89589877705281529
2019-01,0.73057995070208648,0.71372751700965098,0.77797956835810278,0.6849785623081629,0.47909559904947802,0.59734125301743557,0.37937331730622992,0.85486626056208193,0.721258798255487,0.75637155903856723
2019-02,-0.1954816773738956,0.42621606722391547,0.69329717930470736,0.43672619904452542,0.18528355026409379,0.46714100281576831,0.34600991855349739,0.96891123783496458,0.090001618680599374,-0.42569300340089461
2019-03,0.57263259437960368,0.80294776305113491,1.005642723956419,0.74801108933513338,0.87258885062947089,1.0308614465978929,0.66984466765484096,1.7988710969477031,0.70272918623662828,0.92186994333932448
2019-04,0.5370161797030063,0.67385256363856294,0.57799956836825339,0.44346262091461769,0.59964297698300872,0.4904388171482153,0.27319985764684263,0.52112823442917466,0.87623102583581092,0.70621523917558005
2019-05,0.69715467203578607,0.86163713301209588,0.66115234921343191,0.61596147264896262,0.47381398225740662,0.6063201637917085,0.79756740753821731,0.55040113788542255,0.74564685914989159,0.78726731383241866
2019-06,0.64200074805094742,0.75330304000841808,0.45611393655494858,0.41200961042240281,0.56840839821679812,0.44916039941830987,0.48250501827285591,0.45116236134536231,0.4794121997984323,0.54190910127285341
2019-07,0.73705302497659608,0.90211988739012705,0.80475028006573035,0.59183467724401562,0.90734076881054093,0.84246070193851708,0.92146437002699,0.86875280302592972,0.73984189221693741,0.78021875690872988
2019-08,0.6818172339200681,0.9508844372859323,0.24338594979825179,0.29140056400742809,0.47998273986928047,-0.47018678599208291,-0.76776643673600509,0.49342791610030162,0.50766777970825061,0.93536933025038405
2019-09,0.74885639449868158,0.74864934619476475,0.68452020941108982,0.50404635430862887,0.57764420355415513,0.37258655767425369,0.38348132505473431,0.84579707597308662,0.45108218777816578,0.86244166861963356
2019-10,0.61479410489325725,0.96813242006578437,0.95237297922109898,0.89302273166372226,0.72599085986166867,0.96823888587994278,0.90902702279976866,1.4633335183245859,0.6593684615341191,0.82262096952068631
2019-11,0.77121292774526184,0.65646108172818318,0.62890993631550707,0.70143548910440545,0.61965926792510428,0.3009761442784008,0.31552552239319642,0.71422854779278744,0.59003565144994652,0.90538547643762968
2019-12,0.85027382145590491,0.61772690143391762,0.1308188216963887,0.40357653854478531,0.75969798493046092,0.050346067956431179,-0.092801884440203528,0.56588753005683745,0.78057278070788971,0.97670099365670726
2020-01,0.1834266870907276,0.3332625573602101,0.52831218430097937,0.60395942185029849,0.10345576270463611,0.14724818145835539,0.33509122446990852,0.66601355803747597,0.40389252482710541,-0.05609409864740679
2020-02,-0.52983509292777586,-0.064056535316546814,0.36765262353032457,0.25662438311502428,-0.46105733115149738,0.10569328440236481,0.30168983569302588,0.26300313820936783,0.1044966267185696,-0.45156667003018452
2020-03,0.32056019081526882,0.19038607158719789,0.52101008822859307,0.49190568555989961,0.43628926057648337,-0.16796326939539299,-0.13295170189241179,0.068224928510972158,0.80840257058648513,0.69231948445796321
2020-04,0.52564745502730159,-0.0011704336732934609,-0.56062755988148771,-0.15911414560925929,0.16866459000234801,-1.6377451706711099,-1.263155634546143,-1.1852358737801441,0.43902816936825789,0.73104347707801109
2020-05,0.57098903445553562,-0.096095077543944293,-0.41937725746916898,-0.1480562197469695,-0.67944513195429423,-1.153055479765059,-0.58476709460694865,-1.2165017450736,0.26863993781444379,0.62799487873545179
2020-06,0.69445273297924592,0.01506636677123763,0.037675158827553991,0.30232187140152211,-0.47436919980453318,-0.25719765436882353,0.074155100992577508,-0.36510566675585399,0.44586057974453791,0.52110845814058038
2020-07,0.95067408122399111,0.32084090012740779,0.40744755467782667,0.41263916498613629,-0.088159590986642042,0.039336544001303188,0.71095438295260638,-0.023268593520568891,0.56536771401734698,0.68224263442301913
2020-08,0.88179416753274753,0.50224747105373002,0.080085166568123242,0.12882559461388099,-0.24034497867982249,-0.81496433394935053,-0.74073856837604135,-0.37120315584560942,0.28487026891105799,0.85059743448262259
2020-09,1.1136284051354901,0.59232663992901136,0.74061126903229224,0.65417444107086442,0.40367587802639199,0.51088475605636907,0.70375708949782967,0.53929027342709157,0.74369731324809574,1.3045222156060019
2020-10,0.93580176355428191,0.99000769386631593,0.8431816172804254,0.73283383562056792,0.76194186562432376,0.60984452874069794,0.88446786003008315,1.104891789470968,0.64590569187225821,0.85202763862488973
2020-11,1.396089575556454,0.95299121763706895,0.98003411304876886,0.98788460505263864,0.71141051199160887,0.5162944154985627,0.8591714437303607,1.1348926330406039,0.78858570353560176,1.2220684121307299
2020-12,1.5566420862889809,0.95407647385712413,0.70760247603713067,0.92641876945946355,1.1012272369053731,0.408145185287347,0.5566618047393922,0.96005904777384088,1.107345974576601,1.505012313122178
2021-01,1.217655021736934,0.65536327396508454,0.4202567182955167,0.64444797577760826,0.53639784012088942,0.060640761783846177,0.22915012185653241,-0.26121450314405498,0.98784193856805147,1.1687811439028339
2021-02,0.56578601279751761,0.22672521655505709,0.74379874282363367,0.68165761980081263,0.2447508066878557,0.14284213454531741,0.7026177427041882,0.37365388578249459,0.68650475659574783,0.2139277139346398
2021-03,1.2582417790416851,1.087249272048415,1.547908199010368,1.483839666740435,1.1680700290330359,1.129659869653123,1.499485038265971,1.2328265985993681,1.426571354097651,1.5422602366202429
2021-04,1.294336410681689,0.99041729868671091,0.96147368728410887,1.0171701795399051,1.188023007678209,0.70646259703902725,1.0927775151416479,0.52456381905211724,1.387618795524006,1.3842555493306641
2021-05,1.2742775500755641,0.96893575361589879,0.90637449015785931,1.008941574338392,0.55536727035265188,0.5354026295604386,1.1872759689018479,0.77427828400741605,1.241463637883377,1.3126518096571529
2021-06,1.453430357845225,1.10184636017993,1.244391544596303,1.2965962169516629,1.15193092013533,1.2726215077222489,1.373918323212193,0.92170132366408219,1.468834703106384,1.6736444366375041
2021-07,1.4201715347576931,1.0255449834987389,0.99784951363674701,1.15136875911106,1.038265100148251,0.70125482365896818,1.5869231181653061,0.72090794589070539,1.476894247434396,1.636155037229003
2021-08,1.5169599651323571,1.1528356855637769,0.52680105064626337,0.95300147136988578,0.76682379078466523,0.048224037523794831,-0.1085704640535009,0.27307201248003599,1.350414395675227,1.766597243449453
2021-09,1.7640959934134439,1.1734706176440779,1.115969515296128,1.390172270102916,1.0052290085889579,0.96333368731020463,1.3648224332995731,0.97725018774046035,1.4579733689003589,2.016814864240156
2021-10,1.5724162837251709,1.517667963831949,1.3333438039867029,1.315875013394239,0.99576714933572119,1.066799756444663,1.292638452794568,1.077389800428453,1.4451481039941869,1.723444931519706
2021-11,1.978090136867215,1.4716223706201299,1.339102044161351,1.750492963814523,1.361366388510596,1.1545893946252059,1.502371826557878,1.1469422711134609,1.7299567100507089,2.2478427276509891
2021-12,2.029146307058439,1.500395901454489,1.0401465870929181,1.7783723615199389,1.597186532178728,1.2079752866815821,1.2641409745308609,0.92991077895774699,1.8698537427261921,2.3789807867027211
2022-01,1.7619839433497131,1.188549398101644,1.0760809038239909,1.5103306804159831,0.77988829418020134,1.0197893707404351,1.085244194957663,1.161907943917029,1.5250074144396639,1.7472378987962509
2022-02,0.67871027451752863,1.0094986714811911,1.1618545870558821,1.3127324330662029,0.71518392653556551,1.043455416513636,1.597296395914279,1.169732003616623,1.179923109950654,0.26663361889477027
2022-03,1.344049569513011,1.870978317570452,1.973458306564529,2.1144437518468879,1.5784656917254249,1.7951086298025949,2.3311801068676128,2.3252509735195672,1.924222895418902,0.95627424254506355
2022-04,1.167754805936017,1.457741245139452,1.229817080516916,1.6618551837305511,0.69913607900556507,1.1316411019943751,1.532855626489396,1.323467479287382,1.555730171687365,1.067194543693436
2022-05,1.42642600180486,1.6665132708411201,1.624825838805539,1.9542186772000349,0.54735772562016716,1.337220900554533,2.0932753095126242,1.5255462694080659,1.829651698437222,1.0843488087923321
2022-06,1.6163203317130139,1.6913473224091451,1.5652551080168491,1.967621205917875,1.017926344099034,1.536059288181429,1.907740491292671,1.2308335299662341,1.721842282184368,1.3274956390233019
2022-07,1.548009495252147,1.5717181274723211,1.0474307253816171,1.567726116092667,1.0531410759128621,1.005233924655923,1.755308099025499,1.1157704969563189,1.64042587264342,1.155284314129233
2022-08,1.3996131361543129,1.8123653744005359,0.97339530862554402,1.8067149061581811,0.90086507035506502,0.6633539027776133,0.47226546884135062,1.4504830268168629,1.614757417159282,1.121840222032547
2022-09,1.5340981448056661,1.7574772988225209,1.428384113973566,2.0767774225849061,0.91621454841733274,1.5764559005212739,1.7794700742579359,1.5944980758667511,1.5715193689678471,1.3765307479949089
2022-10,1.2502563800090161,1.9116731414174091,1.1386601090824711,2.164537152226838,0.8991316858598879,1.0594464536262791,1.4057800735288659,1.6406584573780949,1.3578000675265891,0.94944483305854543
2022-11,1.167790202815326,1.45882055553859,1.5686792563647309,2.184193883415924,0.94442188585670361,1.4378855603256651,1.672691962483527,2.40668872176991,1.1882314006378629,0.78083322801833677
2022-12,1.314756416730205,1.5164802970248461,0.95363712677528134,1.7887528468163101,1.0383908755111539,1.3918617553095649,1.312978155883346,2.0868600451385682,1.3532721018463201,0.91597425276968003
2023-01,0.93262102703432903,1.2951699722369101,1.205208086006107,2.0679343391447951,0.31499662066862549,1.352493440595864,1.46809837488623,1.4519672212041861,1.016833946385302,-0.01180781446956591
2023-02,0.48020127085141368,0.91600537239007451,1.1137004848803249,1.6093576845729489,0.12337382991074269,1.1846500174923329,1.726904155223463,1.144493219599118,0.96918463380074382,0.2655138654682932
2023-03,1.2683970917297309,1.4064085623203599,1.8133096338667329,2.0990810424200488,1.075749726389051,1.708457969390021,2.3049458756697239,1.766648632689094,1.407586592305291,1.1470360301098479
2023-04,1.024246905042979,1.204337567758367,0.90931334412174059,1.431219631074274,0.63815463368158099,1.0233936876027749,1.2084485785589421,0.9695484501338838,1.0116766642191779,0.77912789860961051
2023-05,0.97439523779971615,1.1845169192855181,1.2796668609476449,1.876484004426286,0.16768030426334449,1.373658600899458,2.006752377244275,1.604457680399124,1.2404806028944511,0.54980827554963752
2023-06,1.033467964266108,1.1336888449592479,1.525237634229494,1.7332733544158621,0.66348872783732238,1.7914741179416649,1.8627839160083921,1.381589826399102,1.2855514957005381,0.76581796086828124
2023-07,0.92345254690073042,1.1839141590397451,1.2360849360917581,1.5646002005760391,0.66384795754364934,1.109747527639805,1.7340735991066689,1.372527679529548,0.93000804121378877,0.66235102519409328
2023-08,0.97137405783589237,1.339756236416868,0.83474307161268846,1.441845949696585,0.21921149232462159,0.46232128946027751,0.54225693302244637,0.7858816835043827,1.0099764548221519,0.96083156081975707
2023-09,1.2142873894096651,1.47143101410779,1.0595592766440849,1.5286044575459681,0.770101788044252,1.096749174688465,1.5340682721382439,0.79914667104117998,1.133204161862593,1.2367191978172729
2023-10,0.95584539838529803,1.84693109887483,1.169932733026072,1.6523433311130049,0.85751833035184921,1.378703509914964,1.9029435773013239,1.503512554589935,1.310226957489198,1.129568025102194
2023-11,1.0811191293644229,1.341594593209297,1.460257763709554,1.7599900881588819,0.62172449059440049,1.500484564382907,1.9417906518902659,1.521948665326446,1.40128863251394,1.3089126268424951
2023-12,1.2021993721304089,1.363366515045811,0.68221484437821922,1.2387799629246929,1.063474220929417,0.76507934103165331,0.98921270855595034,0.87303682360533741,1.3667908615694591,1.53448137171072
2024-01,1.030483876283254,1.3204647308644151,0.96529235609094777,1.22200671852902,0.035743781571479318,1.0349283230461681,1.2926433310300689,0.83903347132522677,1.247306447901227,1.2872286019751329
2024-02,0.22088185881363681,1.117052524122039,1.1485122560935439,1.1621364914505079,0.034862140776466051,1.0483597792436861,1.620772962141291,0.8063370890243482,0.93178393678060556,0.1873438601833666
2024-03,0.94858532511330484,1.374899013248055,1.330005091978373,1.645316066343423,0.58711601935379887,1.3503281699521741,1.7113155995289231,1.079778347008209,1.356378923217594,1.426799337386647
2024-04,1.0471729653098381,1.292062305067696,1.322745869224442,1.343935456972714,0.45873201194194901,1.144662181985467,1.50232630570898,1.2119883185978739,1.429629783531905,1.17719636437672
2024-05,1.0157422095835431,1.3984298337393539,0.90276622511114724,1.45771972286959,0.29728371878754661,1.037244302120566,1.7544577456699531,0.88157005197124261,1.3821325072006989,1.060881406718803
2024-06,1.1017024897109851,1.373825273599405,0.96312233381761947,1.3258754471035561,0.30879082645748918,1.236375267894033,1.4434677613813589,1.335734857535078,1.2547272334142081,1.173796531103918
